{
  "project_info": {
    "project_number": "82472632979",
    "firebase_url": "https://foodorderadmin-981ab.firebaseio.com",
    "project_id": "foodorderadmin-981ab",
    "storage_bucket": "foodorderadmin-981ab.appspot.com"
  },
  "client": [
    {
      "client_info": {
        "mobilesdk_app_id": "1:82472632979:android:f3ec985e8799fb3d",
        "android_client_info": {
          "package_name": "com.example.gabi.fastfoodapp"
        }
      },
      "oauth_client": [
        {
          "client_id": "82472632979-u1q31r0lmr921sctqhff3i455ijdsj74.apps.googleusercontent.com",
          "client_type": 1,
          "android_info": {
            "package_name": "com.example.gabi.fastfoodapp",
            "certificate_hash": "68ff55f92512c82dc72e172b1a21efb21ab902ef"
          }
        },
        {
          "client_id": "82472632979-k9gdt6ek1l07j5jt8ge6v6puonbqqda7.apps.googleusercontent.com",
          "client_type": 3
        }
      ],
      "api_key": [
        {
          "current_key": "AIzaSyDI5qJGriC5LqXLpjMhnL1hCtkFokZOncE"
        }
      ],
      "services": {
        "analytics_service": {
          "status": 1
        },
        "appinvite_service": {
          "status": 2,
          "other_platform_oauth_client": [
            {
              "client_id": "82472632979-k9gdt6ek1l07j5jt8ge6v6puonbqqda7.apps.googleusercontent.com",
              "client_type": 3
            }
          ]
        },
        "ads_service": {
          "status": 2
        }
      }
    },
    {
      "client_info": {
        "mobilesdk_app_id": "1:82472632979:android:9c3a3edc805464d8",
        "android_client_info": {
          "package_name": "com.example.gabi.foodorderadmin"
        }
      },
      "oauth_client": [
        {
          "client_id": "82472632979-ubg5eq4g8kb1fbldvub051eg64kdhgl9.apps.googleusercontent.com",
          "client_type": 1,
          "android_info": {
            "package_name": "com.example.gabi.foodorderadmin",
            "certificate_hash": "68ff55f92512c82dc72e172b1a21efb21ab902ef"
          }
        },
        {
          "client_id": "82472632979-k9gdt6ek1l07j5jt8ge6v6puonbqqda7.apps.googleusercontent.com",
          "client_type": 3
        }
      ],
      "api_key": [
        {
          "current_key": "AIzaSyDI5qJGriC5LqXLpjMhnL1hCtkFokZOncE"
        }
      ],
      "services": {
        "analytics_service": {
          "status": 1
        },
        "appinvite_service": {
          "status": 2,
          "other_platform_oauth_client": [
            {
              "client_id": "82472632979-k9gdt6ek1l07j5jt8ge6v6puonbqqda7.apps.googleusercontent.com",
              "client_type": 3
            }
          ]
        },
        "ads_service": {
          "status": 2
        }
      }
    },
    {
      "client_info": {
        "mobilesdk_app_id": "1:82472632979:android:4822a2c6439e60e8",
        "android_client_info": {
          "package_name": "com.example.gabi.foodorderclient"
        }
      },
      "oauth_client": [
        {
          "client_id": "82472632979-9gu8dpqrc4htk8dmoevec2ak0l88tojh.apps.googleusercontent.com",
          "client_type": 1,
          "android_info": {
            "package_name": "com.example.gabi.foodorderclient",
            "certificate_hash": "68ff55f92512c82dc72e172b1a21efb21ab902ef"
          }
        },
        {
          "client_id": "82472632979-k9gdt6ek1l07j5jt8ge6v6puonbqqda7.apps.googleusercontent.com",
          "client_type": 3
        }
      ],
      "api_key": [
        {
          "current_key": "AIzaSyDI5qJGriC5LqXLpjMhnL1hCtkFokZOncE"
        }
      ],
      "services": {
        "analytics_service": {
          "status": 1
        },
        "appinvite_service": {
          "status": 2,
          "other_platform_oauth_client": [
            {
              "client_id": "82472632979-k9gdt6ek1l07j5jt8ge6v6puonbqqda7.apps.googleusercontent.com",
              "client_type": 3
            }
          ]
        },
        "ads_service": {
          "status": 2
        }
      }
    }
  ],
  "configuration_version": "1"
}